{
"lengthUnit": "mil",
"components": {
	"fields": ["COMPONENT_NO", "COMPONENT_NAME", "LAYER", "X_COORDINATE", "Y_COORDINATE", "ANGLE"],
	"rows": [
		[1, "C19", "B", 7814.79, -5856.89, 90],
		[2, "C20", "B", 7132.09, -5682.3, 90],
		[3, "C21", "B", 7217.09, -5682.3, 90],
		[4, "C22", "B", 7776.32, -5441.09, 0],
		[5, "C24", "B", 7664.94, -5297, 90],
		[6, "C25", "T", 6545, -4979.69, 90],
		[7, "C26", "T", 6544.79, -5360.31, 270],
		[8, "C32", "B", 7775.71, -5322.59, 180],
		[9, "C33", "B", 7709.89, -5856.89, 90],
		[10, "C34", "T", 7350, -4600, 0],
		[11, "C35", "B", 7440.61, -5093.42, 0],
		[12, "C36", "B", 7440.61, -5007.13, 0],
		[13, "C37", "B", 7493.76, -5415.5, 270],
		[14, "C42", "B", 7420, -5725, 180],
		[15, "C44", "B", 7190, -5805, 0],
		[16, "C45", "B", 7960, -4745, 0],
		[17, "CN1", "B", 6490.55, -5785, 90],
		[18, "CN3", "B", 6940, -5750, 0],
		[19, "D2", "B", 7460, -5570, 0],
		[20, "Q1", "B", 7963.6, -4850.05, 180],
		[21, "Q2", "B", 7978.6, -5148.62, 180],
		[22, "Q3", "B", 7860, -5710, 0],
		[23, "R9", "B", 7409.28, -5413.27, 270],
		[24, "R12", "B", 7993.6, -5008.62, 90],
		[25, "R13", "B", 7918.6, -5008.62, 270],
		[26, "R14", "B", 7850, -4715, 270],
		[27, "R15", "B", 7740, -4715, 270],
		[28, "R16", "B", 6675, -5670, 90],
		[29, "R17", "B", 6600, -5670, 90],
		[30, "R18", "B", 7409.28, -5205, 90],
		[31, "R19", "B", 7481.33, -5205, 90],
		[32, "R20", "B", 7561.4, -5720.84, 0],
		[33, "R21", "B", 7700, -5720.84, 0],
		[34, "R22", "B", 7437.81, -4925, 0],
		[35, "R23", "B", 7437.81, -5310.99, 0],
		[36, "R24", "B", 7575, -5294.77, 270],
		[37, "R25", "B", 7611.64, -5441.8, 180],
		[38, "SCREW1", "B", 6437.5, -6117.5, 180],
		[39, "SCREW2", "B", 8092.5, -6117.5, 180],
		[40, "SCREW3", "B", 8092.5, -4610.9, 180],
		[41, "SCREW4", "B", 6437.5, -4610.9, 180],
		[42, "SW1", "T", 6430, -4980, 90],
		[43, "SW3", "T", 6430, -5360, 90],
		[44, "U1", "B", 6900, -5181.9, 270],
		[45, "U4", "T", 7520, -4605, 180],
		[46, "U8", "B", 7688.6, -4989.42, 90],
		[47, "U9", "T", 7475, -4740, 0],
		[48, "U10", "B", 7775, -4600, 0],
		[49, "U11", "B", 7705, -5585, 180],
		[50, "U13", "B", 7565, -5860, 0],
		[51, "USB1", "B", 8025, -5435, 270]
	]
},
"pins": {
	"fields": ["PIN_NO", "PIN_NAME", "PIN_X", "PIN_Y", "LAYER", "PIN_TYPE", "NET_NAME", "NET_TYPE", "PAD_SHAPE", "PAD_SIZEX", "PAD_SIZEY", "HOLE_SIZE", "PAD_ANGLE"],
	"rows": [
		[1, "C19_1", 7814.79, -5884.45, "B", "SMD", "GND", "GND", "R", 31.5, 35.43, 0, 90],
		[2, "C19_2", 7814.79, -5829.33, "B", "SMD", "VCC5V", "", "R", 31.5, 35.43, 0, 90],
		[3, "C20_1", 7132.09, -5709.86, "B", "SMD", "GND", "GND", "R", 31.5, 35.43, 0, 90],
		[4, "C20_2", 7132.09, -5654.74, "B", "SMD", "VDD33", "", "R", 31.5, 35.43, 0, 90],
		[5, "C21_1", 7217.09, -5709.86, "B", "SMD", "GND", "GND", "R", 31.5, 35.43, 0, 90],
		[6, "C21_2", 7217.09, -5654.74, "B", "SMD", "VDD33", "", "R", 31.5, 35.43, 0, 90],
		[7, "C22_1", 7748.76, -5441.09, "B", "SMD", "GND", "GND", "R", 31.5, 35.43, 0, 0],
		[8, "C22_2", 7803.88, -5441.09, "B", "SMD", "VBUS", "", "R", 31.5, 35.43, 0, 0],
		[9, "C24_1", 7664.94, -5324.56, "B", "SMD", "GND", "GND", "R", 31.5, 35.43, 0, 90],
		[10, "C24_2", 7664.94, -5269.44, "B", "SMD", "$1N6762", "", "R", 31.5, 35.43, 0, 90],
		[11, "C25_1", 6545, -5007.25, "T", "SMD", "GPIO19", "", "R", 31.5, 35.43, 0, 90],
		[12, "C25_2", 6545, -4952.14, "T", "SMD", "GND", "GND", "R", 31.5, 35.43, 0, 90],
		[13, "C26_1", 6544.79, -5332.75, "T", "SMD", "GPIO18", "", "R", 31.5, 35.43, 0, 270],
		[14, "C26_2", 6544.79, -5387.87, "T", "SMD", "GND", "GND", "R", 31.5, 35.43, 0, 270],
		[15, "C32_1", 7803.27, -5322.59, "B", "SMD", "VBUS", "", "R", 31.5, 35.43, 0, 180],
		[16, "C32_2", 7748.15, -5322.59, "B", "SMD", "GND", "GND", "R", 31.5, 35.43, 0, 180],
		[17, "C33_1", 7709.89, -5884.45, "B", "SMD", "GND", "GND", "R", 31.5, 35.43, 0, 90],
		[18, "C33_2", 7709.89, -5829.33, "B", "SMD", "VCC5V", "", "R", 31.5, 35.43, 0, 90],
		[19, "C34_1", 7322.44, -4600, "T", "SMD", "GND", "GND", "R", 31.5, 35.43, 0, 0],
		[20, "C34_2", 7377.56, -4600, "T", "SMD", "VDD33", "", "R", 31.5, 35.43, 0, 0],
		[21, "C35_1", 7413.05, -5093.42, "B", "SMD", "GND", "GND", "R", 31.5, 35.43, 0, 0],
		[22, "C35_2", 7468.17, -5093.42, "B", "SMD", "VDD33", "", "R", 31.5, 35.43, 0, 0],
		[23, "C36_1", 7413.05, -5007.13, "B", "SMD", "GND", "GND", "R", 31.5, 35.43, 0, 0],
		[24, "C36_2", 7468.17, -5007.13, "B", "SMD", "VDD33", "", "R", 31.5, 35.43, 0, 0],
		[25, "C37_1", 7493.76, -5387.94, "B", "SMD", "BAT_VOLTAGE", "", "R", 31.5, 35.43, 0, 270],
		[26, "C37_2", 7493.76, -5443.06, "B", "SMD", "BAT", "", "R", 31.5, 35.43, 0, 270],
		[27, "C42_1", 7447.56, -5725, "B", "SMD", "VBUS", "", "R", 31.5, 35.43, 0, 180],
		[28, "C42_2", 7392.44, -5725, "B", "SMD", "GND", "GND", "R", 31.5, 35.43, 0, 180],
		[29, "C44_1", 7162.44, -5805, "B", "SMD", "BAT", "", "R", 31.5, 35.43, 0, 0],
		[30, "C44_2", 7217.56, -5805, "B", "SMD", "GND", "GND", "R", 31.5, 35.43, 0, 0],
		[31, "C45_1", 7932.44, -4745, "B", "SMD", "GND", "GND", "R", 31.5, 35.43, 0, 0],
		[32, "C45_2", 7987.56, -4745, "B", "SMD", "CHIP_EN", "", "R", 31.5, 35.43, 0, 0],
		[33, "CN1_1", 6553.62, -5809.61, "B", "SMD", "ERR_OUT", "", "R", 23.62, 66.93, 0, 90],
		[34, "CN1_2", 6553.62, -5760.39, "B", "SMD", "GND", "GND", "R", 23.62, 66.93, 0, 90],
		[35, "CN1_3", 6427.49, -5687.56, "B", "SMD", "GND", "GND", "R", 39.37, 106.3, 0, 90],
		[36, "CN1_4", 6427.64, -5882.44, "B", "SMD", "GND", "GND", "R", 39.37, 106.3, 0, 90],
		[37, "CN3_1", 6915.39, -5817.01, "B", "SMD", "BAT", "", "R", 23.62, 66.93, 0, 0],
		[38, "CN3_2", 6964.61, -5817.01, "B", "SMD", "GND", "GND", "R", 23.62, 66.93, 0, 0],
		[39, "CN3_3", 7037.44, -5682.99, "B", "SMD", "GND", "GND", "R", 39.37, 106.3, 0, 0],
		[40, "CN3_4", 6842.56, -5683.16, "B", "SMD", "GND", "GND", "R", 39.37, 106.3, 0, 0],
		[41, "D2_1", 7373.38, -5570, "B", "SMD", "VCC5V", "", "R", 78.74, 78.74, 0, 180],
		[42, "D2_2", 7546.61, -5570, "B", "SMD", "VBUS", "", "R", 78.74, 78.74, 0, 180],
		[43, "Q1_1", 7914.98, -4887.45, "B", "SMD", "$1N6650", "", "R", 42.13, 23.62, 0, 180],
		[44, "Q1_2", 7914.98, -4812.65, "B", "SMD", "RTS", "", "R", 42.13, 23.62, 0, 180],
		[45, "Q1_3", 8012.23, -4850.05, "B", "SMD", "CHIP_EN", "", "R", 42.13, 23.62, 0, 180],
		[46, "Q2_1", 7929.98, -5186.02, "B", "SMD", "$1N6647", "", "R", 42.13, 23.62, 0, 180],
		[47, "Q2_2", 7929.98, -5111.22, "B", "SMD", "DTR", "", "R", 42.13, 23.62, 0, 180],
		[48, "Q2_3", 8027.23, -5148.62, "B", "SMD", "GPIO0", "", "R", 42.13, 23.62, 0, 180],
		[49, "Q3_1", 7899.37, -5672.6, "B", "SMD", "VBUS", "", "R", 49.21, 27.56, 0, 0],
		[50, "Q3_2", 7899.37, -5747.4, "B", "SMD", "VCC5V", "", "R", 49.21, 27.56, 0, 0],
		[51, "Q3_3", 7820.63, -5710, "B", "SMD", "BAT", "", "R", 49.21, 27.56, 0, 0],
		[52, "R9_1", 7409.28, -5383.61, "B", "SMD", "BAT_VOLTAGE", "", "R", 31.75, 34.02, 0, 270],
		[53, "R9_2", 7409.28, -5442.93, "B", "SMD", "BAT", "", "R", 31.75, 34.02, 0, 270],
		[54, "R12_1", 7993.6, -5038.28, "B", "SMD", "DTR", "", "R", 31.75, 34.02, 0, 90],
		[55, "R12_2", 7993.6, -4978.96, "B", "SMD", "$1N6650", "", "R", 31.75, 34.02, 0, 90],
		[56, "R13_1", 7918.6, -4978.96, "B", "SMD", "RTS", "", "R", 31.75, 34.02, 0, 270],
		[57, "R13_2", 7918.6, -5038.28, "B", "SMD", "$1N6647", "", "R", 31.75, 34.02, 0, 270],
		[58, "R14_1", 7850, -4685.34, "B", "SMD", "GPIO21", "", "R", 31.75, 34.02, 0, 270],
		[59, "R14_2", 7850, -4744.66, "B", "SMD", "VDD33", "", "R", 31.75, 34.02, 0, 270],
		[60, "R15_1", 7740, -4685.34, "B", "SMD", "GPIO22", "", "R", 31.75, 34.02, 0, 270],
		[61, "R15_2", 7740, -4744.66, "B", "SMD", "VDD33", "", "R", 31.75, 34.02, 0, 270],
		[62, "R16_1", 6675, -5699.66, "B", "SMD", "GND", "GND", "R", 31.75, 34.02, 0, 90],
		[63, "R16_2", 6675, -5640.34, "B", "SMD", "GPIO2", "", "R", 31.75, 34.02, 0, 90],
		[64, "R17_1", 6600, -5699.66, "B", "SMD", "VDD33", "", "R", 31.75, 34.02, 0, 90],
		[65, "R17_2", 6600, -5640.34, "B", "SMD", "GPIO0", "", "R", 31.75, 34.02, 0, 90],
		[66, "R18_1", 7409.28, -5234.66, "B", "SMD", "$1N10055", "", "R", 31.75, 34.02, 0, 90],
		[67, "R18_2", 7409.28, -5175.34, "B", "SMD", "U0TXD", "", "R", 31.75, 34.02, 0, 90],
		[68, "R19_1", 7481.33, -5234.66, "B", "SMD", "$1N10052", "", "R", 31.75, 34.02, 0, 90],
		[69, "R19_2", 7481.33, -5175.34, "B", "SMD", "U0RXD", "", "R", 31.75, 34.02, 0, 90],
		[70, "R20_1", 7531.74, -5720.84, "B", "SMD", "VBUS", "", "R", 31.75, 34.02, 0, 0],
		[71, "R20_2", 7591.06, -5720.84, "B", "SMD", "$1N24493", "", "R", 31.75, 34.02, 0, 0],
		[72, "R21_1", 7670.34, -5720.84, "B", "SMD", "GND", "GND", "R", 31.75, 34.02, 0, 0],
		[73, "R21_2", 7729.66, -5720.84, "B", "SMD", "$1N24589", "", "R", 31.75, 34.02, 0, 0],
		[74, "R22_1", 7408.15, -4925, "B", "SMD", "CHIP_EN", "", "R", 31.75, 34.02, 0, 0],
		[75, "R22_2", 7467.47, -4925, "B", "SMD", "VDD33", "", "R", 31.75, 34.02, 0, 0],
		[76, "R23_1", 7408.15, -5310.99, "B", "SMD", "GPIO32", "", "R", 31.75, 34.02, 0, 0],
		[77, "R23_2", 7467.47, -5310.99, "B", "SMD", "VBUS", "", "R", 31.75, 34.02, 0, 0],
		[78, "R24_1", 7575, -5265.11, "B", "SMD", "GND", "GND", "R", 31.75, 34.02, 0, 270],
		[79, "R24_2", 7575, -5324.43, "B", "SMD", "GPIO32", "", "R", 31.75, 34.02, 0, 270],
		[80, "R25_1", 7641.3, -5441.8, "B", "SMD", "GND", "GND", "R", 31.75, 34.02, 0, 180],
		[81, "R25_2", 7581.98, -5441.8, "B", "SMD", "BAT_VOLTAGE", "", "R", 31.75, 34.02, 0, 180],
		[82, "SCREW1_1", 6440, -6115, "T", "DIP", "SCREW1_1", "", "C", 126, 126, 126, 180],
		[83, "SCREW1_1", 6440, -6115, "B", "DIP", "SCREW1_1", "", "C", 126, 126, 126, 180],
		[84, "SCREW2_1", 8095, -6115, "T", "DIP", "SCREW2_1", "", "C", 126, 126, 126, 180],
		[85, "SCREW2_1", 8095, -6115, "B", "DIP", "SCREW2_1", "", "C", 126, 126, 126, 180],
		[86, "SCREW3_1", 8095, -4608.4, "T", "DIP", "SCREW3_1", "", "C", 126, 126, 126, 180],
		[87, "SCREW3_1", 8095, -4608.4, "B", "DIP", "SCREW3_1", "", "C", 126, 126, 126, 180],
		[88, "SCREW4_1", 6440, -4608.4, "T", "DIP", "SCREW4_1", "", "C", 126, 126, 126, 180],
		[89, "SCREW4_1", 6440, -4608.4, "B", "DIP", "SCREW4_1", "", "C", 126, 126, 126, 180],
		[90, "SW1_1", 6399.49, -5070.55, "T", "SMD", "GND", "GND", "R", 35.43, 47.24, 0, 90],
		[91, "SW1_2", 6399.49, -4889.45, "T", "SMD", "GND", "GND", "R", 35.43, 47.24, 0, 270],
		[92, "SW1_3", 6460.51, -5045.94, "T", "SMD", "GPIO19", "", "R", 47.24, 51.18, 0, 270],
		[93, "SW1_4", 6460.51, -4914.05, "T", "SMD", "VDD33", "", "R", 47.24, 51.18, 0, 270],
		[94, "SW3_1", 6399.49, -5450.55, "T", "SMD", "GND", "GND", "R", 35.43, 47.24, 0, 90],
		[95, "SW3_2", 6399.49, -5269.45, "T", "SMD", "GND", "GND", "R", 35.43, 47.24, 0, 270],
		[96, "SW3_3", 6460.51, -5425.94, "T", "SMD", "VDD33", "", "R", 47.24, 51.18, 0, 270],
		[97, "SW3_4", 6460.51, -5294.05, "T", "SMD", "GPIO18", "", "R", 47.24, 51.18, 0, 270],
		[98, "U1_1", 7254.34, -4827.47, "B", "SMD", "GND", "GND", "R", 37.4, 82.68, 0, 270],
		[99, "U1_2", 7254.34, -4877.47, "B", "SMD", "VDD33", "", "R", 37.4, 82.68, 0, 270],
		[100, "U1_3", 7254.34, -4927.47, "B", "SMD", "CHIP_EN", "", "R", 37.4, 82.68, 0, 270],
		[101, "U1_4", 7254.34, -4977.47, "B", "SMD", "U1_4", "", "R", 37.4, 82.68, 0, 270],
		[102, "U1_5", 7254.34, -5027.47, "B", "SMD", "U1_5", "", "R", 37.4, 82.68, 0, 270],
		[103, "U1_6", 7254.34, -5077.47, "B", "SMD", "U1_6", "", "R", 37.4, 82.68, 0, 270],
		[104, "U1_7", 7254.34, -5127.47, "B", "SMD", "U1_7", "", "R", 37.4, 82.68, 0, 270],
		[105, "U1_8", 7254.34, -5177.47, "B", "SMD", "GPIO32", "", "R", 37.4, 82.68, 0, 270],
		[106, "U1_9", 7254.34, -5227.47, "B", "SMD", "BAT_VOLTAGE", "", "R", 37.4, 82.68, 0, 270],
		[107, "U1_10", 7254.34, -5277.47, "B", "SMD", "GPIO25", "", "R", 37.4, 82.68, 0, 270],
		[108, "U1_11", 7254.34, -5327.47, "B", "SMD", "GPIO26", "", "R", 37.4, 82.68, 0, 270],
		[109, "U1_12", 7254.34, -5377.47, "B", "SMD", "GPIO27", "", "R", 37.4, 82.68, 0, 270],
		[110, "U1_13", 7254.34, -5427.47, "B", "SMD", "GPIO14", "", "R", 37.4, 82.68, 0, 270],
		[111, "U1_14", 7254.34, -5477.47, "B", "SMD", "U1_14", "", "R", 37.4, 82.68, 0, 270],
		[112, "U1_15", 7124.99, -5536.33, "B", "SMD", "GND", "GND", "R", 82.68, 37.4, 0, 270],
		[113, "U1_16", 7074.99, -5536.33, "B", "SMD", "ERR_OUT", "", "R", 82.68, 37.4, 0, 270],
		[114, "U1_17", 7024.99, -5536.33, "B", "SMD", "U1_17", "", "R", 82.68, 37.4, 0, 270],
		[115, "U1_18", 6974.99, -5536.33, "B", "SMD", "U1_18", "", "R", 82.68, 37.4, 0, 270],
		[116, "U1_19", 6924.99, -5536.33, "B", "SMD", "U1_19", "", "R", 82.68, 37.4, 0, 270],
		[117, "U1_20", 6874.99, -5536.33, "B", "SMD", "U1_20", "", "R", 82.68, 37.4, 0, 270],
		[118, "U1_21", 6824.99, -5536.33, "B", "SMD", "U1_21", "", "R", 82.68, 37.4, 0, 270],
		[119, "U1_22", 6774.99, -5536.33, "B", "SMD", "U1_22", "", "R", 82.68, 37.4, 0, 270],
		[120, "U1_23", 6724.99, -5536.33, "B", "SMD", "U1_23", "", "R", 82.68, 37.4, 0, 270],
		[121, "U1_24", 6674.99, -5536.33, "B", "SMD", "GPIO2", "", "R", 82.68, 37.4, 0, 270],
		[122, "U1_25", 6545.66, -5477.47, "B", "SMD", "GPIO0", "", "R", 37.4, 82.68, 0, 270],
		[123, "U1_26", 6545.66, -5427.47, "B", "SMD", "U1_26", "", "R", 37.4, 82.68, 0, 270],
		[124, "U1_27", 6545.66, -5377.47, "B", "SMD", "GPIO16", "", "R", 37.4, 82.68, 0, 270],
		[125, "U1_28", 6545.66, -5327.47, "B", "SMD", "GPIO17", "", "R", 37.4, 82.68, 0, 270],
		[126, "U1_29", 6545.66, -5277.47, "B", "SMD", "U1_29", "", "R", 37.4, 82.68, 0, 270],
		[127, "U1_30", 6545.66, -5227.47, "B", "SMD", "GPIO18", "", "R", 37.4, 82.68, 0, 270],
		[128, "U1_31", 6545.66, -5177.47, "B", "SMD", "GPIO19", "", "R", 37.4, 82.68, 0, 270],
		[129, "U1_32", 6545.66, -5127.47, "B", "SMD", "U1_32", "", "R", 37.4, 82.68, 0, 270],
		[130, "U1_33", 6545.66, -5077.47, "B", "SMD", "GPIO21", "", "R", 37.4, 82.68, 0, 270],
		[131, "U1_34", 6545.66, -5027.47, "B", "SMD", "$1N10052", "", "R", 37.4, 82.68, 0, 270],
		[132, "U1_35", 6545.66, -4977.47, "B", "SMD", "$1N10055", "", "R", 37.4, 82.68, 0, 270],
		[133, "U1_36", 6545.66, -4927.47, "B", "SMD", "GPIO22", "", "R", 37.4, 82.68, 0, 270],
		[134, "U1_37", 6545.66, -4877.47, "B", "SMD", "GPIO23", "", "R", 37.4, 82.68, 0, 270],
		[135, "U1_38", 6545.66, -4827.47, "B", "SMD", "GND", "GND", "R", 37.4, 82.68, 0, 270],
		[136, "U1_39", 6959.07, -5129.87, "B", "SMD", "GND", "GND", "R", 35.43, 35.43, 0, 90],
		[137, "U1_39", 7014.18, -5129.87, "B", "SMD", "GND", "GND", "R", 35.43, 35.43, 0, 90],
		[138, "U1_39", 6903.94, -5129.87, "B", "SMD", "GND", "GND", "R", 35.43, 35.43, 0, 90],
		[139, "U1_39", 6903.94, -5074.75, "B", "SMD", "GND", "GND", "R", 35.43, 35.43, 0, 90],
		[140, "U1_39", 6959.05, -5074.75, "B", "SMD", "GND", "GND", "R", 35.43, 35.43, 0, 90],
		[141, "U1_39", 7014.18, -5074.75, "B", "SMD", "GND", "GND", "R", 35.43, 35.43, 0, 90],
		[142, "U1_39", 7014.18, -5184.99, "B", "SMD", "GND", "GND", "R", 35.43, 35.43, 0, 90],
		[143, "U1_39", 6959.05, -5184.99, "B", "SMD", "GND", "GND", "R", 35.43, 35.43, 0, 90],
		[144, "U1_39", 6903.94, -5184.99, "B", "SMD", "GND", "GND", "R", 35.43, 35.43, 0, 90],
		[145, "U4_1", 7546.67, -4620.75, "T", "SMD", "GPIO21", "", "R", 19.88, 16.54, 0, 180],
		[146, "U4_2", 7546.67, -4589.25, "T", "SMD", "GPIO22", "", "R", 19.88, 16.54, 0, 180],
		[147, "U4_3", 7493.33, -4589.25, "T", "SMD", "VDD33", "", "R", 19.88, 16.54, 0, 180],
		[148, "U4_4", 7493.33, -4620.75, "T", "SMD", "GND", "GND", "R", 19.88, 16.54, 0, 180],
		[149, "U4_5", 7520, -4605, "T", "SMD", "GND", "GND", "R", 15.75, 43.31, 0, 180],
		[150, "U8_1", 7575.51, -5164.42, "B", "SMD", "GND", "GND", "O", 22.05, 68.7, 0, 90],
		[151, "U8_2", 7575.51, -5114.42, "B", "SMD", "U0RXD", "", "O", 22.05, 68.7, 0, 90],
		[152, "U8_3", 7575.51, -5064.42, "B", "SMD", "U0TXD", "", "O", 22.05, 68.7, 0, 90],
		[153, "U8_4", 7575.51, -5014.42, "B", "SMD", "$1N6762", "", "O", 22.05, 68.7, 0, 90],
		[154, "U8_5", 7575.51, -4964.42, "B", "SMD", "USB_DP", "", "O", 22.05, 68.7, 0, 90],
		[155, "U8_6", 7575.51, -4914.42, "B", "SMD", "USB_DN", "", "O", 22.05, 68.7, 0, 90],
		[156, "U8_7", 7575.51, -4864.42, "B", "SMD", "U8_7", "", "O", 22.05, 68.7, 0, 90],
		[157, "U8_8", 7575.51, -4814.42, "B", "SMD", "U8_8", "", "O", 22.05, 68.7, 0, 90],
		[158, "U8_9", 7801.69, -4814.42, "B", "SMD", "U8_9", "", "O", 22.05, 68.7, 0, 90],
		[159, "U8_10", 7801.69, -4864.42, "B", "SMD", "U8_10", "", "O", 22.05, 68.7, 0, 90],
		[160, "U8_11", 7801.69, -4914.42, "B", "SMD", "U8_11", "", "O", 22.05, 68.7, 0, 90],
		[161, "U8_12", 7801.69, -4964.42, "B", "SMD", "U8_12", "", "O", 22.05, 68.7, 0, 90],
		[162, "U8_13", 7801.69, -5014.42, "B", "SMD", "DTR", "", "O", 22.05, 68.7, 0, 90],
		[163, "U8_14", 7801.69, -5064.42, "B", "SMD", "RTS", "", "O", 22.05, 68.7, 0, 90],
		[164, "U8_15", 7801.69, -5114.42, "B", "SMD", "U8_15", "", "O", 22.05, 68.7, 0, 90],
		[165, "U8_16", 7801.69, -5164.42, "B", "SMD", "VBUS", "", "O", 22.05, 68.7, 0, 90],
		[166, "U9_1", 7325, -4740, "T", "DIP", "GND", "GND", "C", 70.87, 70.87, 41.34, 0],
		[167, "U9_1", 7325, -4740, "B", "DIP", "GND", "GND", "C", 70.87, 70.87, 41.34, 0],
		[168, "U9_2", 7425, -4740, "T", "DIP", "VDD33", "", "C", 70.87, 70.87, 41.34, 0],
		[169, "U9_2", 7425, -4740, "B", "DIP", "VDD33", "", "C", 70.87, 70.87, 41.34, 0],
		[170, "U9_3", 7525, -4740, "T", "DIP", "GPIO22", "", "C", 70.87, 70.87, 41.34, 0],
		[171, "U9_3", 7525, -4740, "B", "DIP", "GPIO22", "", "C", 70.87, 70.87, 41.34, 0],
		[172, "U9_4", 7625, -4740, "T", "DIP", "GPIO21", "", "C", 70.87, 70.87, 41.34, 0],
		[173, "U9_4", 7625, -4740, "B", "DIP", "GPIO21", "", "C", 70.87, 70.87, 41.34, 0],
		[174, "U10_1", 7700, -4600, "T", "DIP", "GPIO22", "", "R", 39.37, 39.37, 27.56, 0],
		[175, "U10_1", 7700, -4600, "B", "DIP", "GPIO22", "", "R", 39.37, 39.37, 27.56, 0],
		[176, "U10_2", 7750, -4600, "T", "DIP", "VDD33", "", "C", 39.37, 39.37, 27.56, 0],
		[177, "U10_2", 7750, -4600, "B", "DIP", "VDD33", "", "C", 39.37, 39.37, 27.56, 0],
		[178, "U10_3", 7800, -4600, "T", "DIP", "GND", "GND", "C", 39.37, 39.37, 27.56, 0],
		[179, "U10_3", 7800, -4600, "B", "DIP", "GND", "GND", "C", 39.37, 39.37, 27.56, 0],
		[180, "U10_4", 7850, -4600, "T", "DIP", "GPIO21", "", "C", 39.37, 39.37, 27.56, 0],
		[181, "U10_4", 7850, -4600, "B", "DIP", "GPIO21", "", "C", 39.37, 39.37, 27.56, 0],
		[182, "U11_1", 7653.81, -5622.4, "B", "SMD", "$1N24493", "", "R", 43.31, 23.62, 0, 180],
		[183, "U11_2", 7653.81, -5585, "B", "SMD", "GND", "GND", "R", 43.31, 23.62, 0, 180],
		[184, "U11_3", 7653.81, -5547.6, "B", "SMD", "BAT", "", "R", 43.31, 23.62, 0, 180],
		[185, "U11_4", 7756.19, -5547.6, "B", "SMD", "VBUS", "", "R", 43.31, 23.62, 0, 180],
		[186, "U11_5", 7756.19, -5622.4, "B", "SMD", "$1N24589", "", "R", 43.31, 23.62, 0, 180],
		[187, "U13_1", 7608.31, -5822.6, "B", "SMD", "VCC5V", "", "R", 23.62, 39.37, 0, 270],
		[188, "U13_2", 7608.31, -5859.99, "B", "SMD", "GND", "GND", "R", 23.62, 39.37, 0, 270],
		[189, "U13_3", 7608.31, -5897.4, "B", "SMD", "VCC5V", "", "R", 23.62, 39.37, 0, 270],
		[190, "U13_4", 7521.69, -5897.4, "B", "SMD", "U13_4", "", "R", 23.62, 39.37, 0, 270],
		[191, "U13_5", 7521.69, -5822.6, "B", "SMD", "VDD33", "", "R", 23.62, 39.37, 0, 270],
		[192, "USB1_1", 7931.49, -5309.02, "B", "SMD", "GND", "GND", "R", 21.65, 43.31, 0, 270],
		[193, "USB1_2", 7931.49, -5340.52, "B", "SMD", "VBUS", "", "R", 21.65, 43.31, 0, 270],
		[194, "USB1_3", 7931.49, -5366.1, "B", "SMD", "USB1_3", "", "R", 11.81, 43.31, 0, 270],
		[195, "USB1_4", 7931.49, -5385.8, "B", "SMD", "USB1_4", "", "R", 11.81, 43.31, 0, 270],
		[196, "USB1_5", 7931.49, -5405.48, "B", "SMD", "USB_DN", "", "R", 11.81, 43.31, 0, 270],
		[197, "USB1_6", 7931.49, -5425.15, "B", "SMD", "USB_DP", "", "R", 11.81, 43.31, 0, 270],
		[198, "USB1_7", 7931.49, -5444.85, "B", "SMD", "USB_DN", "", "R", 11.81, 43.31, 0, 270],
		[199, "USB1_8", 7931.49, -5464.52, "B", "SMD", "USB_DP", "", "R", 11.81, 43.31, 0, 270],
		[200, "USB1_9", 7931.49, -5484.22, "B", "SMD", "USB1_9", "", "R", 11.81, 43.31, 0, 270],
		[201, "USB1_10", 7931.49, -5503.9, "B", "SMD", "USB1_10", "", "R", 11.81, 43.31, 0, 270],
		[202, "USB1_11", 7931.49, -5529.49, "B", "SMD", "VBUS", "", "R", 21.65, 43.31, 0, 270],
		[203, "USB1_12", 7931.49, -5560.98, "B", "SMD", "GND", "GND", "R", 21.65, 43.31, 0, 270],
		[204, "USB1_13", 7953.14, -5264.72, "T", "DIP", "USB1_13", "", "O", 43.31, 78.74, 59.05, 270],
		[205, "USB1_13", 7953.14, -5264.72, "B", "DIP", "USB1_13", "", "O", 43.31, 78.74, 59.05, 270],
		[206, "USB1_13", 8118.51, -5264.72, "T", "DIP", "USB1_A_13", "", "O", 47.24, 70.87, 47.24, 270],
		[207, "USB1_13", 8118.51, -5264.72, "B", "DIP", "USB1_A_13", "", "O", 47.24, 70.87, 47.24, 270],
		[208, "USB1_14", 7953.14, -5605.28, "T", "DIP", "USB1_14", "", "O", 43.31, 78.74, 59.06, 270],
		[209, "USB1_14", 7953.14, -5605.28, "B", "DIP", "USB1_14", "", "O", 43.31, 78.74, 59.06, 270],
		[210, "USB1_14", 8118.51, -5605.28, "T", "DIP", "USB1_A_14", "", "O", 47.24, 70.87, 47.24, 270],
		[211, "USB1_14", 8118.51, -5605.28, "B", "DIP", "USB1_A_14", "", "O", 47.24, 70.87, 47.24, 270]
	]
}
}